<?xml version = '1.0' encoding = 'UTF-8'?>
<Table class="oracle.dbtools.crest.model.design.relational.Table" directorySegmentName="seg_0" id="596418C7-5AC8-BB5A-F895-6A96E63C18EE" name="Comuna">
<createdBy>w.cuevas</createdBy>
<createdTime>2022-02-17 17:20:32 UTC</createdTime>
<generatorID>EBC870D8-B684-5A8C-393E-6CEA8E185D6F</generatorID>
<ownerDesignName>20220217_4aAustralCap</ownerDesignName>
<importedID>3C657A10-55D0-C2DA-9265-3AF63451080E</importedID>
<existDependencyGenerateInDDl>true</existDependencyGenerateInDDl>
<parsed>true</parsed>
<columns itemClass="oracle.dbtools.crest.model.design.relational.Column">
<Column name="idComuna" id="BE227623-5EB6-C6B7-EE71-8E63BCBE364B">
<createdBy>w.cuevas</createdBy>
<createdTime>2022-02-17 17:20:32 UTC</createdTime>
<generatorID>FC57C826-A0A8-28B4-47F6-A6BFAF5DC7F5</generatorID>
<ownerDesignName>20220217_4aAustralCap</ownerDesignName>
<importedID>C379AA53-0BBE-92D9-76A2-E08147F95F44</importedID>
<useDomainConstraints>false</useDomainConstraints>
<use>1</use>
<logicalDatatype>LOGDT011</logicalDatatype>
<ownDataTypeParameters>,,</ownDataTypeParameters>
<autoIncrementCycle>false</autoIncrementCycle>
</Column>
<Column name="DescripcionComuna" id="C7DA9E60-FD11-0961-5ADB-077A9ED07512">
<createdBy>w.cuevas</createdBy>
<createdTime>2022-02-17 17:20:32 UTC</createdTime>
<generatorID>6B920E8B-F34F-6992-148A-93BC86B94356</generatorID>
<ownerDesignName>20220217_4aAustralCap</ownerDesignName>
<importedID>A61BBDA9-8575-8F9E-5B10-1EC5E8D63246</importedID>
<useDomainConstraints>false</useDomainConstraints>
<use>1</use>
<logicalDatatype>LOGDT024</logicalDatatype>
<dataTypeSize>30</dataTypeSize>
<ownDataTypeParameters>30,,</ownDataTypeParameters>
<autoIncrementCycle>false</autoIncrementCycle>
</Column>
<Column name="Provincia_idProvincia" id="1F8DC5F9-DB14-7402-567A-DCF6D2657873">
<createdBy>w.cuevas</createdBy>
<createdTime>2022-02-17 17:20:32 UTC</createdTime>
<generatorID>7C3F5578-F84D-FAC5-0F64-3DAB4F7430E8</generatorID>
<ownerDesignName>20220217_4aAustralCap</ownerDesignName>
<importedID>DE170798-E34A-D256-6596-DAC23D710E6C</importedID>
<useDomainConstraints>false</useDomainConstraints>
<use>1</use>
<logicalDatatype>LOGDT011</logicalDatatype>
<ownDataTypeParameters>,,</ownDataTypeParameters>
<autoIncrementCycle>false</autoIncrementCycle>
<associations>
<colAssociation fkAssociation="654D61DA-1933-A430-CDEC-EEB07CF8C29E" referredColumn="764C7FB0-AFDA-5432-D0B4-A9B450CB2214"/>
</associations>
</Column>
</columns>
<indexes itemClass="oracle.dbtools.crest.model.design.relational.Index">
<ind_PK_UK id="E19FF777-CA54-3951-AD27-16CD59474083" name="Comuna_PK">
<createdBy>w.cuevas</createdBy>
<createdTime>2022-02-17 17:20:32 UTC</createdTime>
<generatorID>70E3F989-11AB-B42A-F419-AAFE7A65E12B</generatorID>
<ownerDesignName>20220217_4aAustralCap</ownerDesignName>
<importedID>5B7F31E0-03F5-BD09-0D11-76B6359DB5B0</importedID>
<pk>true</pk>
<indexState>Primary Constraint</indexState>
<isSurrogateKey>false</isSurrogateKey>
<indexColumnUsage>
<colUsage columnID="BE227623-5EB6-C6B7-EE71-8E63BCBE364B"/>
</indexColumnUsage>
</ind_PK_UK>
<ind_PK_UK id="D6D82A2B-3879-8F37-9418-72D6A594EF26" name="Comuna_Provincia_FK">
<createdBy>w.cuevas</createdBy>
<createdTime>2022-02-17 17:20:32 UTC</createdTime>
<generatorID>72961A9F-6B38-898C-23C7-6F532394D33B</generatorID>
<ownerDesignName>20220217_4aAustralCap</ownerDesignName>
<indexState>Foreign Key</indexState>
<isSurrogateKey>false</isSurrogateKey>
<indexColumnUsage>
<colUsage columnID="1F8DC5F9-DB14-7402-567A-DCF6D2657873"/>
</indexColumnUsage>
</ind_PK_UK>
</indexes>
</Table>