<?xml version = '1.0' encoding = 'UTF-8'?>
<Entity class="oracle.dbtools.crest.model.design.logical.Entity" directorySegmentName="seg_0" id="343013D4-80DC-CDD5-C5B4-18333772F04A" name="Empleado">
<createdBy>w.cuevas</createdBy>
<createdTime>2022-02-17 17:20:32 UTC</createdTime>
<ownerDesignName>20220217_4aAustralCap</ownerDesignName>
<importedID>5890E817-D319-A887-6E07-8AD881D857AA</importedID>
<engineerTo>
<item key="4704AFB2-04EA-8114-6BEA-CBFB4D078C00" value="true"/>
<item key="501F2F54-23B6-504C-A578-2DDAABDF5CEA" value="true"/>
</engineerTo>
<adequatelyNormalized>NO</adequatelyNormalized>
<expectedVolumes>0</expectedVolumes>
<fwdEngineeringStrategyName>Single Table</fwdEngineeringStrategyName>
<growthPercent>0</growthPercent>
<growthType>Year</growthType>
<maxVolumes>9999999</maxVolumes>
<minVolumes>0</minVolumes>
<normalForm>Third</normalForm>
<attributes itemClass="oracle.dbtools.crest.model.design.logical.Attribute">
<Attribute name="idRegion" id="DC310A5D-D41A-F9A5-A64D-E41635ACFCCA">
<createdBy>w.cuevas</createdBy>
<createdTime>2022-02-17 17:20:32 UTC</createdTime>
<generatorID>F6923026-FBE6-56F9-157D-F131DF5E5B4E</generatorID>
<ownerDesignName>20220217_4aAustralCap</ownerDesignName>
<importedID>6EDC23E1-EE69-3151-EA19-A069391B1FE8</importedID>
<engineerTo>
<item key="4704AFB2-04EA-8114-6BEA-CBFB4D078C00" value="true"/>
<item key="501F2F54-23B6-504C-A578-2DDAABDF5CEA" value="true"/>
</engineerTo>
<referedAttribute>34D73130-7755-2125-CAC9-6D364EBD28DB</referedAttribute>
<useDomainConstraints>false</useDomainConstraints>
<use>1</use>
<logicalDatatype>LOGDT011</logicalDatatype>
<ownDataTypeParameters>,,</ownDataTypeParameters>
</Attribute>
<Attribute name="idEmpleado" id="543AFDFC-5C95-AB46-128A-732E4D531BFC">
<createdBy>w.cuevas</createdBy>
<createdTime>2022-02-17 17:20:32 UTC</createdTime>
<ownerDesignName>20220217_4aAustralCap</ownerDesignName>
<importedID>BF0A4D30-1B56-B70C-EE85-9908AF756040</importedID>
<engineerTo>
<item key="4704AFB2-04EA-8114-6BEA-CBFB4D078C00" value="true"/>
<item key="501F2F54-23B6-504C-A578-2DDAABDF5CEA" value="true"/>
</engineerTo>
<useDomainConstraints>false</useDomainConstraints>
<use>1</use>
<logicalDatatype>LOGDT011</logicalDatatype>
<ownDataTypeParameters>,,</ownDataTypeParameters>
</Attribute>
<Attribute name="RutEmpleado" id="E7895130-928E-3D13-AD92-AE52C9D9627F">
<createdBy>w.cuevas</createdBy>
<createdTime>2022-02-17 17:20:32 UTC</createdTime>
<ownerDesignName>20220217_4aAustralCap</ownerDesignName>
<importedID>58C7F371-79BF-AE92-5FD7-0BCE06A1DED9</importedID>
<engineerTo>
<item key="4704AFB2-04EA-8114-6BEA-CBFB4D078C00" value="true"/>
<item key="501F2F54-23B6-504C-A578-2DDAABDF5CEA" value="true"/>
</engineerTo>
<useDomainConstraints>false</useDomainConstraints>
<use>1</use>
<logicalDatatype>LOGDT024</logicalDatatype>
<dataTypeSize>30</dataTypeSize>
<ownDataTypeParameters>30,,</ownDataTypeParameters>
</Attribute>
<Attribute name="NombreEmpleado" id="FBE68CB8-0CFA-AAF2-CA26-9C4BB7DEC000">
<createdBy>w.cuevas</createdBy>
<createdTime>2022-02-17 17:20:32 UTC</createdTime>
<ownerDesignName>20220217_4aAustralCap</ownerDesignName>
<importedID>15B09FCA-FE2D-5A6B-855C-436E24C4B9DF</importedID>
<engineerTo>
<item key="4704AFB2-04EA-8114-6BEA-CBFB4D078C00" value="true"/>
<item key="501F2F54-23B6-504C-A578-2DDAABDF5CEA" value="true"/>
</engineerTo>
<useDomainConstraints>false</useDomainConstraints>
<use>1</use>
<logicalDatatype>LOGDT024</logicalDatatype>
<dataTypeSize>30</dataTypeSize>
<ownDataTypeParameters>30,,</ownDataTypeParameters>
</Attribute>
<Attribute name="ApellidosEmpleado" id="8E49AE51-165A-48C4-6950-E857CED7B4DE">
<createdBy>w.cuevas</createdBy>
<createdTime>2022-02-17 17:20:32 UTC</createdTime>
<ownerDesignName>20220217_4aAustralCap</ownerDesignName>
<importedID>4B454069-9523-DDED-12F4-9474DBACFAD0</importedID>
<engineerTo>
<item key="4704AFB2-04EA-8114-6BEA-CBFB4D078C00" value="true"/>
<item key="501F2F54-23B6-504C-A578-2DDAABDF5CEA" value="true"/>
</engineerTo>
<useDomainConstraints>false</useDomainConstraints>
<use>1</use>
<logicalDatatype>LOGDT024</logicalDatatype>
<dataTypeSize>30</dataTypeSize>
<ownDataTypeParameters>30,,</ownDataTypeParameters>
</Attribute>
<Attribute name="FechaNacimiento" id="996AC223-0C69-449F-327F-A43C1E7EA226">
<createdBy>w.cuevas</createdBy>
<createdTime>2022-02-17 17:20:32 UTC</createdTime>
<ownerDesignName>20220217_4aAustralCap</ownerDesignName>
<importedID>1D844F89-CC51-2A06-67DC-89049F05559C</importedID>
<engineerTo>
<item key="4704AFB2-04EA-8114-6BEA-CBFB4D078C00" value="true"/>
<item key="501F2F54-23B6-504C-A578-2DDAABDF5CEA" value="true"/>
</engineerTo>
<useDomainConstraints>false</useDomainConstraints>
<use>1</use>
<logicalDatatype>LOGDT007</logicalDatatype>
<ownDataTypeParameters>,,</ownDataTypeParameters>
</Attribute>
<Attribute name="Sueldo" id="C95C38DB-AD51-9804-16F0-11F96627434C">
<createdBy>w.cuevas</createdBy>
<createdTime>2022-02-17 17:20:32 UTC</createdTime>
<ownerDesignName>20220217_4aAustralCap</ownerDesignName>
<importedID>A66DD514-66FB-9B79-0B76-922950F9637B</importedID>
<engineerTo>
<item key="4704AFB2-04EA-8114-6BEA-CBFB4D078C00" value="true"/>
<item key="501F2F54-23B6-504C-A578-2DDAABDF5CEA" value="true"/>
</engineerTo>
<useDomainConstraints>false</useDomainConstraints>
<use>1</use>
<logicalDatatype>LOGDT011</logicalDatatype>
<ownDataTypeParameters>,,</ownDataTypeParameters>
</Attribute>
<Attribute name="idEstadoCivil" id="70D3F493-5AE0-26A8-5C74-57C3BF855E38">
<createdBy>w.cuevas</createdBy>
<createdTime>2022-02-17 17:20:32 UTC</createdTime>
<generatorID>AF388A1C-13B7-474E-5CB3-4E97BFFD3E63</generatorID>
<ownerDesignName>20220217_4aAustralCap</ownerDesignName>
<importedID>85547064-AD9E-7AD1-B8A9-A4CFEA363AE2</importedID>
<engineerTo>
<item key="4704AFB2-04EA-8114-6BEA-CBFB4D078C00" value="true"/>
<item key="501F2F54-23B6-504C-A578-2DDAABDF5CEA" value="true"/>
</engineerTo>
<referedAttribute>129CF5BD-8B6F-ED43-1EC2-F50EEFFDE174</referedAttribute>
<useDomainConstraints>false</useDomainConstraints>
<use>1</use>
<logicalDatatype>LOGDT011</logicalDatatype>
<ownDataTypeParameters>,,</ownDataTypeParameters>
</Attribute>
</attributes>
<identifiers itemClass="oracle.dbtools.crest.model.design.logical.CandidateKey">
<identifier id="4BD4B0C0-AE85-0475-3774-2C6D6BCC2C1B" name="Empleado PK">
<createdBy>w.cuevas</createdBy>
<createdTime>2022-02-17 17:20:32 UTC</createdTime>
<ownerDesignName>20220217_4aAustralCap</ownerDesignName>
<importedID>A910444D-BF94-4CB4-D498-8DF6D1900469</importedID>
<engineerTo>
<item key="4704AFB2-04EA-8114-6BEA-CBFB4D078C00" value="true"/>
<item key="501F2F54-23B6-504C-A578-2DDAABDF5CEA" value="true"/>
</engineerTo>
<pk>true</pk>
<usedAttributes>
<attributeRef>543AFDFC-5C95-AB46-128A-732E4D531BFC</attributeRef>
</usedAttributes>
</identifier>
</identifiers>
</Entity>