<?xml version = '1.0' encoding = 'UTF-8'?>
<Entity class="oracle.dbtools.crest.model.design.logical.Entity" directorySegmentName="seg_0" id="EBC870D8-B684-5A8C-393E-6CEA8E185D6F" name="Comuna">
<createdBy>w.cuevas</createdBy>
<createdTime>2022-02-17 17:20:32 UTC</createdTime>
<ownerDesignName>20220217_4aAustralCap</ownerDesignName>
<importedID>172D599A-1779-9326-C457-3BD432586EF1</importedID>
<engineerTo>
<item key="4704AFB2-04EA-8114-6BEA-CBFB4D078C00" value="true"/>
<item key="501F2F54-23B6-504C-A578-2DDAABDF5CEA" value="true"/>
</engineerTo>
<adequatelyNormalized>NO</adequatelyNormalized>
<expectedVolumes>0</expectedVolumes>
<fwdEngineeringStrategyName>Single Table</fwdEngineeringStrategyName>
<growthPercent>0</growthPercent>
<growthType>Year</growthType>
<maxVolumes>9999999</maxVolumes>
<minVolumes>0</minVolumes>
<normalForm>Third</normalForm>
<attributes itemClass="oracle.dbtools.crest.model.design.logical.Attribute">
<Attribute name="idComuna" id="FC57C826-A0A8-28B4-47F6-A6BFAF5DC7F5">
<createdBy>w.cuevas</createdBy>
<createdTime>2022-02-17 17:20:32 UTC</createdTime>
<ownerDesignName>20220217_4aAustralCap</ownerDesignName>
<importedID>6AD9940D-278D-629F-A256-9E0293F00DE6</importedID>
<engineerTo>
<item key="4704AFB2-04EA-8114-6BEA-CBFB4D078C00" value="true"/>
<item key="501F2F54-23B6-504C-A578-2DDAABDF5CEA" value="true"/>
</engineerTo>
<useDomainConstraints>false</useDomainConstraints>
<use>1</use>
<logicalDatatype>LOGDT011</logicalDatatype>
<ownDataTypeParameters>,,</ownDataTypeParameters>
</Attribute>
<Attribute name="DescripcionComuna" id="6B920E8B-F34F-6992-148A-93BC86B94356">
<createdBy>w.cuevas</createdBy>
<createdTime>2022-02-17 17:20:32 UTC</createdTime>
<ownerDesignName>20220217_4aAustralCap</ownerDesignName>
<importedID>18F9A2A1-1A08-B5C0-29D1-AEE74D480CAD</importedID>
<engineerTo>
<item key="4704AFB2-04EA-8114-6BEA-CBFB4D078C00" value="true"/>
<item key="501F2F54-23B6-504C-A578-2DDAABDF5CEA" value="true"/>
</engineerTo>
<useDomainConstraints>false</useDomainConstraints>
<use>1</use>
<logicalDatatype>LOGDT024</logicalDatatype>
<dataTypeSize>30</dataTypeSize>
<ownDataTypeParameters>30,,</ownDataTypeParameters>
</Attribute>
<Attribute name="idProvincia" id="7C3F5578-F84D-FAC5-0F64-3DAB4F7430E8">
<createdBy>w.cuevas</createdBy>
<createdTime>2022-02-17 17:20:32 UTC</createdTime>
<generatorID>72961A9F-6B38-898C-23C7-6F532394D33B</generatorID>
<ownerDesignName>20220217_4aAustralCap</ownerDesignName>
<importedID>5ADCF48F-5368-4666-BB3A-0670FFC6059D</importedID>
<engineerTo>
<item key="4704AFB2-04EA-8114-6BEA-CBFB4D078C00" value="true"/>
<item key="501F2F54-23B6-504C-A578-2DDAABDF5CEA" value="true"/>
</engineerTo>
<referedAttribute>A033218B-3362-B09A-EB8B-E6DE5F1816B4</referedAttribute>
<useDomainConstraints>false</useDomainConstraints>
<use>1</use>
<logicalDatatype>LOGDT011</logicalDatatype>
<ownDataTypeParameters>,,</ownDataTypeParameters>
</Attribute>
</attributes>
<identifiers itemClass="oracle.dbtools.crest.model.design.logical.CandidateKey">
<identifier id="70E3F989-11AB-B42A-F419-AAFE7A65E12B" name="Comuna PK">
<createdBy>w.cuevas</createdBy>
<createdTime>2022-02-17 17:20:32 UTC</createdTime>
<ownerDesignName>20220217_4aAustralCap</ownerDesignName>
<importedID>45641DA8-95D4-8F6E-3419-27743FB5D8B8</importedID>
<engineerTo>
<item key="4704AFB2-04EA-8114-6BEA-CBFB4D078C00" value="true"/>
<item key="501F2F54-23B6-504C-A578-2DDAABDF5CEA" value="true"/>
</engineerTo>
<pk>true</pk>
<usedAttributes>
<attributeRef>FC57C826-A0A8-28B4-47F6-A6BFAF5DC7F5</attributeRef>
</usedAttributes>
</identifier>
</identifiers>
</Entity>