<?xml version = '1.0' encoding = 'UTF-8'?>
<Entity class="oracle.dbtools.crest.model.design.logical.Entity" directorySegmentName="seg_0" id="F8A13343-F3A0-BFD9-6F77-11F547315B7C" name="Mes">
<createdBy>w.cuevas</createdBy>
<createdTime>2022-02-17 17:20:32 UTC</createdTime>
<ownerDesignName>20220217_4aAustralCap</ownerDesignName>
<importedID>3B382659-F743-5158-990F-D7B63CBC8460</importedID>
<engineerTo>
<item key="4704AFB2-04EA-8114-6BEA-CBFB4D078C00" value="true"/>
<item key="501F2F54-23B6-504C-A578-2DDAABDF5CEA" value="true"/>
</engineerTo>
<adequatelyNormalized>NO</adequatelyNormalized>
<expectedVolumes>0</expectedVolumes>
<fwdEngineeringStrategyName>Single Table</fwdEngineeringStrategyName>
<growthPercent>0</growthPercent>
<growthType>Year</growthType>
<maxVolumes>9999999</maxVolumes>
<minVolumes>0</minVolumes>
<normalForm>Third</normalForm>
<attributes itemClass="oracle.dbtools.crest.model.design.logical.Attribute">
<Attribute name="idMes" id="01DA8335-00B3-6007-C6B0-B21403D494EB">
<createdBy>w.cuevas</createdBy>
<createdTime>2022-02-17 17:20:32 UTC</createdTime>
<ownerDesignName>20220217_4aAustralCap</ownerDesignName>
<importedID>0502CA67-F914-7F3C-493D-21027768A4D1</importedID>
<engineerTo>
<item key="4704AFB2-04EA-8114-6BEA-CBFB4D078C00" value="true"/>
<item key="501F2F54-23B6-504C-A578-2DDAABDF5CEA" value="true"/>
</engineerTo>
<useDomainConstraints>false</useDomainConstraints>
<use>1</use>
<logicalDatatype>LOGDT011</logicalDatatype>
<ownDataTypeParameters>,,</ownDataTypeParameters>
</Attribute>
<Attribute name="DescripcionMes" id="3D868DFB-2304-89A0-A060-DCBEB93016FF">
<createdBy>w.cuevas</createdBy>
<createdTime>2022-02-17 17:20:32 UTC</createdTime>
<ownerDesignName>20220217_4aAustralCap</ownerDesignName>
<importedID>C4ECADC9-B4B3-D350-D641-7B9EA0A6EC02</importedID>
<engineerTo>
<item key="4704AFB2-04EA-8114-6BEA-CBFB4D078C00" value="true"/>
<item key="501F2F54-23B6-504C-A578-2DDAABDF5CEA" value="true"/>
</engineerTo>
<useDomainConstraints>false</useDomainConstraints>
<use>1</use>
<logicalDatatype>LOGDT024</logicalDatatype>
<dataTypeSize>30</dataTypeSize>
<ownDataTypeParameters>30,,</ownDataTypeParameters>
</Attribute>
</attributes>
<identifiers itemClass="oracle.dbtools.crest.model.design.logical.CandidateKey">
<identifier id="AEDCBAEE-E8A6-D471-6B02-C0FAC96AB33A" name="Mes PK">
<createdBy>w.cuevas</createdBy>
<createdTime>2022-02-17 17:20:32 UTC</createdTime>
<ownerDesignName>20220217_4aAustralCap</ownerDesignName>
<importedID>4A9A205E-E53F-9E00-6F53-7BD45E9AD9FF</importedID>
<engineerTo>
<item key="4704AFB2-04EA-8114-6BEA-CBFB4D078C00" value="true"/>
<item key="501F2F54-23B6-504C-A578-2DDAABDF5CEA" value="true"/>
</engineerTo>
<pk>true</pk>
<usedAttributes>
<attributeRef>01DA8335-00B3-6007-C6B0-B21403D494EB</attributeRef>
</usedAttributes>
</identifier>
</identifiers>
</Entity>