<?xml version = '1.0' encoding = 'UTF-8'?>
<relationalModel class="oracle.dbtools.crest.model.design.relational.RelationalDesign" name="Relational_1(2)" id="4704AFB2-04EA-8114-6BEA-CBFB4D078C00" mainViewID="0C54248C-87CF-BEF9-353F-B5C6BDCD592B">
<createdBy>w.cuevas</createdBy>
<createdTime>2022-02-17 17:20:08 UTC</createdTime>
<ownerDesignName>20220217_4aAustralCap</ownerDesignName>
<shouldBeOpen>false</shouldBeOpen>
<selectedRDBMSSite>32076570-2523-435C-2E92-BF29817DFF70</selectedRDBMSSite>
</relationalModel>