<?xml version = '1.0' encoding = 'UTF-8'?>
<Diagram class="oracle.dbtools.crest.swingui.logical.DPVLogical" name="Logical" id="95494504-6B64-7EE0-69BC-65CC4DBAB1FA">
<createdBy>w.cuevas</createdBy>
<modifiedBy>w.cuevas</modifiedBy>
<createdTime>2022-02-17 17:08:03 UTC</createdTime>
<autoRoute>false</autoRoute>
<boxInbox>true</boxInbox>
<showLegend>false</showLegend>
<showLabels>false</showLabels>
<showRelAttributes>false</showRelAttributes>
<gridEnabled>false</gridEnabled>
<showGrid>false</showGrid>
<diagramColor>-1</diagramColor>
<display>false</display>
<notation>1</notation>
<objectViews>
<OView class="oracle.dbtools.crest.swingui.logical.TVEntity" oid="01C581F7-C518-56FF-73D6-39639B57C1C3" otype="Entity" vid="748BDF37-3F5E-A394-82C3-CBD26F9D36A0">
<hideElementsInCurrentOnly>false</hideElementsInCurrentOnly>
<bounds x="459" y="60" width="170" height="110"/>
</OView>
<OView class="oracle.dbtools.crest.swingui.logical.TVEntity" oid="17C4FE0F-90F2-1D3D-9EED-FB15020EB57E" otype="Entity" vid="FBCE8958-0D02-956E-4965-86E2361ABE64">
<hideElementsInCurrentOnly>false</hideElementsInCurrentOnly>
<bounds x="690" y="230" width="170" height="110"/>
</OView>
<OView class="oracle.dbtools.crest.swingui.logical.TVEntity" oid="32C74858-4E58-06EB-492A-1A85B66936D4" otype="Entity" vid="3EC58669-1839-7778-698A-975834732622">
<hideElementsInCurrentOnly>false</hideElementsInCurrentOnly>
<bounds x="544" y="470" width="170" height="110"/>
</OView>
<OView class="oracle.dbtools.crest.swingui.logical.TVEntity" oid="343013D4-80DC-CDD5-C5B4-18333772F04A" otype="Entity" vid="4141E5B0-396A-DB56-5313-242EC2659C49">
<hideElementsInCurrentOnly>false</hideElementsInCurrentOnly>
<bounds x="459" y="229" width="170" height="110"/>
</OView>
<OView class="oracle.dbtools.crest.swingui.logical.TVEntity" oid="408E3251-60D9-302F-4C26-C493556AB72F" otype="Entity" vid="AB06659C-E779-8988-9174-7D71207B5719">
<hideElementsInCurrentOnly>false</hideElementsInCurrentOnly>
<bounds x="57" y="225" width="170" height="110"/>
</OView>
<OView class="oracle.dbtools.crest.swingui.logical.TVEntity" oid="519E05AE-1CE8-65D6-3134-FA318B26CCE8" otype="Entity" vid="C4FA5E56-D7AA-4B32-9460-06FF3A092A44">
<hideElementsInCurrentOnly>false</hideElementsInCurrentOnly>
<bounds x="304" y="467" width="170" height="110"/>
</OView>
<OView class="oracle.dbtools.crest.swingui.logical.TVEntity" oid="EBC870D8-B684-5A8C-393E-6CEA8E185D6F" otype="Entity" vid="7CFCEBB9-9174-C1D8-B929-E90175056FD9">
<hideElementsInCurrentOnly>false</hideElementsInCurrentOnly>
<bounds x="25" y="469" width="170" height="110"/>
</OView>
<OView class="oracle.dbtools.crest.swingui.logical.TVEntity" oid="F8A13343-F3A0-BFD9-6F77-11F547315B7C" otype="Entity" vid="8E5C9E1B-6C01-5081-87C9-DD094A7E3896">
<hideElementsInCurrentOnly>false</hideElementsInCurrentOnly>
<bounds x="58" y="30" width="170" height="110"/>
</OView>
</objectViews>
<connectors>
<Connector class="oracle.dbtools.crest.swingui.logical.TVRelation" oid="04799351-5A90-8E72-B026-08D176CA98FE" otype="Relation" vid_source="748BDF37-3F5E-A394-82C3-CBD26F9D36A0" vid_target="4141E5B0-396A-DB56-5313-242EC2659C49">
<hideElementsInCurrentOnly>false</hideElementsInCurrentOnly>
<backgroundColor>-16777216</backgroundColor>
<lineWidth>1</lineWidth>
<points>
<point x="544" y="170"/>
<point x="544" y="229"/>
</points>
</Connector>
<Connector class="oracle.dbtools.crest.swingui.logical.TVRelation" oid="1C4788AC-0940-0499-BFF4-657E30C799B9" otype="Relation" vid_source="4141E5B0-396A-DB56-5313-242EC2659C49" vid_target="AB06659C-E779-8988-9174-7D71207B5719">
<hideElementsInCurrentOnly>false</hideElementsInCurrentOnly>
<backgroundColor>-16777216</backgroundColor>
<lineWidth>1</lineWidth>
<points>
<point x="459" y="282"/>
<point x="227" y="282"/>
</points>
</Connector>
<Connector class="oracle.dbtools.crest.swingui.logical.TVRelation" oid="3EAD6076-D8E0-37DE-5532-B8AB4384BFA5" otype="Relation" vid_source="8E5C9E1B-6C01-5081-87C9-DD094A7E3896" vid_target="AB06659C-E779-8988-9174-7D71207B5719">
<hideElementsInCurrentOnly>false</hideElementsInCurrentOnly>
<backgroundColor>-16777216</backgroundColor>
<lineWidth>1</lineWidth>
<points>
<point x="142" y="140"/>
<point x="142" y="225"/>
</points>
</Connector>
<Connector class="oracle.dbtools.crest.swingui.logical.TVRelation" oid="72961A9F-6B38-898C-23C7-6F532394D33B" otype="Relation" vid_source="C4FA5E56-D7AA-4B32-9460-06FF3A092A44" vid_target="7CFCEBB9-9174-C1D8-B929-E90175056FD9">
<hideElementsInCurrentOnly>false</hideElementsInCurrentOnly>
<backgroundColor>-16777216</backgroundColor>
<lineWidth>1</lineWidth>
<points>
<point x="304" y="523"/>
<point x="195" y="523"/>
</points>
</Connector>
<Connector class="oracle.dbtools.crest.swingui.logical.TVRelation" oid="8B568FFC-5D87-5F12-1BBB-9838F032B8D3" otype="Relation" vid_source="3EC58669-1839-7778-698A-975834732622" vid_target="C4FA5E56-D7AA-4B32-9460-06FF3A092A44">
<hideElementsInCurrentOnly>false</hideElementsInCurrentOnly>
<backgroundColor>-16777216</backgroundColor>
<lineWidth>1</lineWidth>
<points>
<point x="544" y="523"/>
<point x="474" y="523"/>
</points>
</Connector>
<Connector class="oracle.dbtools.crest.swingui.logical.TVRelation" oid="AF388A1C-13B7-474E-5CB3-4E97BFFD3E63" otype="Relation" vid_source="FBCE8958-0D02-956E-4965-86E2361ABE64" vid_target="4141E5B0-396A-DB56-5313-242EC2659C49">
<hideElementsInCurrentOnly>false</hideElementsInCurrentOnly>
<backgroundColor>-16777216</backgroundColor>
<lineWidth>1</lineWidth>
<points>
<point x="690" y="284"/>
<point x="629" y="284"/>
</points>
</Connector>
<Connector class="oracle.dbtools.crest.swingui.logical.TVRelation" oid="F6923026-FBE6-56F9-157D-F131DF5E5B4E" otype="Relation" vid_source="3EC58669-1839-7778-698A-975834732622" vid_target="4141E5B0-396A-DB56-5313-242EC2659C49">
<hideElementsInCurrentOnly>false</hideElementsInCurrentOnly>
<backgroundColor>-16777216</backgroundColor>
<lineWidth>1</lineWidth>
<points>
<point x="586" y="470"/>
<point x="586" y="339"/>
</points>
</Connector>
</connectors>
</Diagram>