<?xml version = '1.0' encoding = 'UTF-8'?>
<FKIndexAssociation class="oracle.dbtools.crest.model.design.relational.FKIndexAssociation" directorySegmentName="seg_0" id="310B8D3B-54F2-5154-94AC-1649230AB108" containerWithKeyObject="1D9E233E-6D23-D9AB-B7AA-521EFE837BB7" localFKIndex="475EC0D3-9AA1-CED0-F1C3-2173C5442E76" name="Empleado_EstadoCivil_FK">
<createdBy>w.cuevas</createdBy>
<createdTime>2022-02-17 17:20:32 UTC</createdTime>
<generatorID>AF388A1C-13B7-474E-5CB3-4E97BFFD3E63</generatorID>
<ownerDesignName>20220217_4aAustralCap</ownerDesignName>
<importedID>0B016DA3-528C-552F-EF23-35EF3E03CB90</importedID>
<referredTableLongName>EstadoCivil</referredTableLongName>
<deleteRule>NO ACTION</deleteRule>
<referredTableID>281CAE24-33D0-C193-A574-E169748627D2</referredTableID>
<keyObject>BDD9240C-8C0A-2E48-0D17-9BF15CC32B7A</keyObject>
<referredKeyID>BDD9240C-8C0A-2E48-0D17-9BF15CC32B7A</referredKeyID>
<mandatory>true</mandatory>
<refColNames>idEstadoCivil</refColNames>
<transferable>true</transferable>
<rely>false</rely>
<columnDependencyConstraintGenerateInDDL>true</columnDependencyConstraintGenerateInDDL>
</FKIndexAssociation>