<?xml version = '1.0' encoding = 'UTF-8'?>
<FKIndexAssociation class="oracle.dbtools.crest.model.design.relational.FKIndexAssociation" directorySegmentName="seg_0" id="7D46D426-5FA6-61E2-66F1-C7987CA8F563" containerWithKeyObject="1D9E233E-6D23-D9AB-B7AA-521EFE837BB7" localFKIndex="90A73187-E20E-F4DE-C159-CB865E574552" name="Empleado_Region_FK">
<createdBy>w.cuevas</createdBy>
<createdTime>2022-02-17 17:20:32 UTC</createdTime>
<generatorID>F6923026-FBE6-56F9-157D-F131DF5E5B4E</generatorID>
<ownerDesignName>20220217_4aAustralCap</ownerDesignName>
<importedID>FD171C55-CC71-21D5-1B76-8D86021E0591</importedID>
<referredTableLongName>Region</referredTableLongName>
<deleteRule>NO ACTION</deleteRule>
<referredTableID>73745A58-AEA1-D835-AD8A-37AEA58C15D6</referredTableID>
<keyObject>C7B9FC0E-14F8-828D-6704-4CE5D5EBFF46</keyObject>
<referredKeyID>C7B9FC0E-14F8-828D-6704-4CE5D5EBFF46</referredKeyID>
<mandatory>true</mandatory>
<refColNames>idRegion</refColNames>
<transferable>true</transferable>
<rely>false</rely>
<columnDependencyConstraintGenerateInDDL>true</columnDependencyConstraintGenerateInDDL>
</FKIndexAssociation>